{"cameraMode":{"drawMode":0,"name":"Shaded","section":"Shading Mode"},"sceneLighting":true,"audioPlay":false,"sceneViewState":{"showFog":true,"showMaterialUpdate":false,"showSkybox":true,"showFlares":true,"showImageEffects":true,"showParticleSystems":true},"in2DMode":false,"pivot":{"x":3.382988929748535,"y":3.320413589477539,"z":-17.622974395751954},"rotation":{"x":-0.2596418559551239,"y":-0.3480198383331299,"z":0.10094540566205979,"w":-0.8951415419578552},"size":4.771899223327637,"orthographic":true}